{"cameraMode":{"drawMode":0,"name":"Shaded","section":"Shading Mode"},"sceneLighting":true,"audioPlay":false,"sceneViewState":{"m_AlwaysRefresh":false,"showFog":true,"showSkybox":true,"showFlares":true,"showImageEffects":true,"showParticleSystems":true,"showVisualEffectGraphs":true,"m_FxEnabled":true},"in2DMode":false,"pivot":{"x":-366.25372314453127,"y":-631.5679321289063,"z":1093.9879150390625},"rotation":{"x":0.25040775537490847,"y":-0.16203632950782777,"z":0.042543865740299228,"w":0.953532874584198},"size":687.9968872070313,"orthographic":false}